date,keyword,url,pr,organic
2026-01-16 15:08,トートバッグ レディース,https://item.rakuten.co.jp/kinoco/square-tote,圏外,8
2026-01-16 15:08,サコッシュ メンズ,https://item.rakuten.co.jp/kinoco/b1404,3,33
2026-01-16 15:18,トートバッグ レディース,https://item.rakuten.co.jp/kinoco/square-tote,圏外,8
2026-01-16 15:18,サコッシュ メンズ,https://item.rakuten.co.jp/kinoco/b1404,3,33
2026-01-16 15:22,トートバッグ レディース,https://item.rakuten.co.jp/kinoco/square-tote,圏外,8
2026-01-16 15:22,サコッシュ メンズ,https://item.rakuten.co.jp/kinoco/b1404,3,33
2026-01-16 15:34,トートバッグ レディース,https://item.rakuten.co.jp/kinoco/square-tote,圏外,7
2026-01-16 15:34,サコッシュ メンズ,https://item.rakuten.co.jp/kinoco/b1404,3,32
2026-01-16 15:39,トートバッグ レディース,https://item.rakuten.co.jp/kinoco/square-tote,圏外,7
2026-01-16 15:39,サコッシュ メンズ,https://item.rakuten.co.jp/kinoco/b1404,3,32
2026-01-16 15:43,トートバッグ レディース,https://item.rakuten.co.jp/kinoco/square-tote,圏外,7
2026-01-16 15:43,サコッシュ メンズ,https://item.rakuten.co.jp/kinoco/b1404,3,32
2026-01-16 15:44,トートバッグ レディース,https://item.rakuten.co.jp/kinoco/square-tote,圏外,7
2026-01-16 15:44,サコッシュ メンズ,https://item.rakuten.co.jp/kinoco/b1404,3,32
2026-01-16 15:46,トートバッグ レディース,https://item.rakuten.co.jp/kinoco/square-tote,圏外,7
2026-01-16 15:46,サコッシュ メンズ,https://item.rakuten.co.jp/kinoco/b1404,3,32
2026-01-16 15:54,トートバッグ レディース,https://item.rakuten.co.jp/kinoco/square-tote,圏外,7
2026-01-16 15:54,サコッシュ メンズ,https://item.rakuten.co.jp/kinoco/b1404,3,32
2026-01-16 15:54,トートバッグ レディース,https://item.rakuten.co.jp/kinoco/82193,圏外,圏外
2026-01-19 14:03,トートバッグ レディース,https://item.rakuten.co.jp/kinoco/square-tote,圏外,18
2026-01-19 14:03,サコッシュ メンズ,https://item.rakuten.co.jp/kinoco/b1404,1,18
2026-01-19 14:03,トートバッグ レディース,https://item.rakuten.co.jp/kinoco/82193,圏外,圏外
2026-01-19 14:19,トートバッグ レディース,https://item.rakuten.co.jp/kinoco/square-tote,圏外,18
2026-01-19 14:19,サコッシュ メンズ,https://item.rakuten.co.jp/kinoco/b1404,2,18
2026-01-19 14:19,トートバッグ レディース,https://item.rakuten.co.jp/kinoco/82193,圏外,圏外
2026-01-20 10:40,トートバッグ レディース,https://item.rakuten.co.jp/kinoco/square-tote,圏外,30
2026-01-20 10:40,サコッシュ メンズ,https://item.rakuten.co.jp/kinoco/b1404,1,16
2026-01-20 10:40,トートバッグ レディース,https://item.rakuten.co.jp/kinoco/82193,圏外,10
2026-01-20 10:40,三つ折り財布 レディース,https://item.rakuten.co.jp/kinoco/st-909,3,15
2026-01-20 10:40,三つ折り財布,https://item.rakuten.co.jp/kinoco/st-909,5,15
2026-01-20 10:40,ミニ財布 本革,https://item.rakuten.co.jp/kinoco/st-909,圏外,3
2026-01-20 10:40,ミニ財布 本革 レディース,https://item.rakuten.co.jp/kinoco/st-909,1,14
2026-01-21 10:30,トートバッグ レディース,https://item.rakuten.co.jp/kinoco/square-tote,圏外,30
2026-01-21 10:30,サコッシュ メンズ,https://item.rakuten.co.jp/kinoco/b1404,1,12
2026-01-21 10:30,トートバッグ レディース,https://item.rakuten.co.jp/kinoco/82193,圏外,4
2026-01-21 10:30,三つ折り財布 レディース,https://item.rakuten.co.jp/kinoco/st-909,3,17
2026-01-21 10:30,三つ折り財布,https://item.rakuten.co.jp/kinoco/st-909,4,18
2026-01-21 10:30,ミニ財布 本革,https://item.rakuten.co.jp/kinoco/st-909,圏外,8
2026-01-21 10:30,ミニ財布 本革 レディース,https://item.rakuten.co.jp/kinoco/st-909,1,16
2026-01-22 13:49,トートバッグ レディース,https://item.rakuten.co.jp/kinoco/square-tote,圏外,24
2026-01-22 13:49,サコッシュ メンズ,https://item.rakuten.co.jp/kinoco/b1404,1,8
2026-01-22 13:49,トートバッグ レディース,https://item.rakuten.co.jp/kinoco/82193,圏外,26
2026-01-22 13:49,三つ折り財布 レディース,https://item.rakuten.co.jp/kinoco/st-909,2,17
2026-01-22 13:49,三つ折り財布,https://item.rakuten.co.jp/kinoco/st-909,4,17
2026-01-22 13:49,ミニ財布 本革,https://item.rakuten.co.jp/kinoco/st-909,圏外,7
2026-01-22 13:49,ミニ財布 本革 レディース,https://item.rakuten.co.jp/kinoco/st-909,1,12
2026-01-22 15:50,トートバッグ レディース,https://item.rakuten.co.jp/kinoco/square-tote,圏外,18
2026-01-22 15:50,サコッシュ メンズ,https://item.rakuten.co.jp/kinoco/b1404,1,8
2026-01-22 15:50,トートバッグ レディース,https://item.rakuten.co.jp/kinoco/82193,圏外,23
2026-01-22 15:50,三つ折り財布 レディース,https://item.rakuten.co.jp/kinoco/st-909,3,18
2026-01-22 15:50,三つ折り財布,https://item.rakuten.co.jp/kinoco/st-909,5,16
2026-01-22 15:50,ミニ財布 本革,https://item.rakuten.co.jp/kinoco/st-909,圏外,7
2026-01-22 15:50,ミニ財布 本革 レディース,https://item.rakuten.co.jp/kinoco/st-909,1,13
2026-01-23 10:30,トートバッグ レディース,https://item.rakuten.co.jp/kinoco/square-tote,圏外,16
2026-01-23 10:30,サコッシュ メンズ,https://item.rakuten.co.jp/kinoco/b1404,2,7
2026-01-23 10:30,トートバッグ レディース,https://item.rakuten.co.jp/kinoco/82193,圏外,28
2026-01-23 10:30,三つ折り財布 レディース,https://item.rakuten.co.jp/kinoco/st-909,3,20
2026-01-23 10:30,三つ折り財布,https://item.rakuten.co.jp/kinoco/st-909,4,16
2026-01-23 10:30,ミニ財布 本革,https://item.rakuten.co.jp/kinoco/st-909,圏外,8
2026-01-23 10:30,ミニ財布 本革 レディース,https://item.rakuten.co.jp/kinoco/st-909,1,16
2026-01-26 10:30,トートバッグ レディース,https://item.rakuten.co.jp/kinoco/square-tote,圏外,15
2026-01-26 10:30,サコッシュ メンズ,https://item.rakuten.co.jp/kinoco/b1404,圏外,3
2026-01-26 10:30,トートバッグ レディース,https://item.rakuten.co.jp/kinoco/82193,圏外,13
2026-01-26 10:30,三つ折り財布 レディース,https://item.rakuten.co.jp/kinoco/st-909,圏外,10
2026-01-26 10:30,三つ折り財布,https://item.rakuten.co.jp/kinoco/st-909,圏外,11
2026-01-26 10:30,ミニ財布 本革,https://item.rakuten.co.jp/kinoco/st-909,圏外,2
2026-01-26 10:30,ミニ財布 本革 レディース,https://item.rakuten.co.jp/kinoco/st-909,圏外,1
2026-01-26 10:30,ハンドバッグ レディース,https://item.rakuten.co.jp/kinoco/stb-152/,圏外,5
2026-01-26 10:30,二つ折り財布 レディース,https://item.rakuten.co.jp/kinoco/st-w1660/,圏外,30
2026-01-26 10:30,トートバッグ メンズ,https://item.rakuten.co.jp/kinoco/cs-23/,圏外,10
2026-01-26 10:30,ビジネスバッグ,https://item.rakuten.co.jp/kinoco/cs-23/,圏外,34
2026-01-26 10:30,サコッシュ メンズ,https://item.rakuten.co.jp/kinoco/cs-26/,圏外,6
2026-01-26 10:30,トートバッグ メンズ 本革,https://item.rakuten.co.jp/kinoco/cs-29/,圏外,2
2026-01-26 10:30,長財布 レディース 本革,https://item.rakuten.co.jp/kinoco/st-831w/,圏外,5
2026-01-26 10:30,二つ折り財布,https://item.rakuten.co.jp/kinoco/st-819/,圏外,8
2026-01-26 10:30,二つ折り財布メンズ,https://item.rakuten.co.jp/kinoco/st-819/,圏外,9
2026-01-26 10:30,トートバッグ メンズ,https://item.rakuten.co.jp/kinoco/st-820/,ERROR,ERROR
2026-01-26 10:30,トートバッグ メンズ 小さめ,https://item.rakuten.co.jp/kinoco/cs-25/,ERROR,ERROR
2026-01-26 10:30,長財布 メンズ,https://item.rakuten.co.jp/kinoco/wallet-04/,ERROR,ERROR
2026-01-26 10:30,財布 メンズ 二つ折り 本革,https://item.rakuten.co.jp/kinoco/cs-05/,ERROR,ERROR
2026-01-26 10:30,二つ折り財布 メンズ,https://item.rakuten.co.jp/kinoco/wallet-09/,ERROR,ERROR
2026-01-27 10:30,トートバッグ レディース,https://item.rakuten.co.jp/kinoco/square-tote,圏外,23
2026-01-27 10:30,サコッシュ メンズ,https://item.rakuten.co.jp/kinoco/b1404,1,3
2026-01-27 10:30,トートバッグ レディース,https://item.rakuten.co.jp/kinoco/82193,圏外,12
2026-01-27 10:30,三つ折り財布 レディース,https://item.rakuten.co.jp/kinoco/st-909,4,8
2026-01-27 10:30,三つ折り財布,https://item.rakuten.co.jp/kinoco/st-909,4,10
2026-01-27 10:30,ミニ財布 本革,https://item.rakuten.co.jp/kinoco/st-909,圏外,2
2026-01-27 10:30,ミニ財布 本革 レディース,https://item.rakuten.co.jp/kinoco/st-909,1,1
2026-01-27 10:30,ハンドバッグ レディース,https://item.rakuten.co.jp/kinoco/stb-152/,圏外,5
2026-01-27 10:30,二つ折り財布 レディース,https://item.rakuten.co.jp/kinoco/st-w1660/,圏外,圏外
2026-01-27 10:30,トートバッグ メンズ,https://item.rakuten.co.jp/kinoco/cs-23/,圏外,11
2026-01-27 10:30,ビジネスバッグ,https://item.rakuten.co.jp/kinoco/cs-23/,4,29
2026-01-27 10:30,サコッシュ メンズ,https://item.rakuten.co.jp/kinoco/cs-26/,5,14
2026-01-27 10:30,トートバッグ メンズ 本革,https://item.rakuten.co.jp/kinoco/cs-29/,3,4
2026-01-27 10:30,長財布 レディース 本革,https://item.rakuten.co.jp/kinoco/st-831w/,1,4
2026-01-27 10:30,二つ折り財布,https://item.rakuten.co.jp/kinoco/st-819/,2,15
2026-01-27 10:30,二つ折り財布メンズ,https://item.rakuten.co.jp/kinoco/st-819/,2,11
2026-01-27 10:30,トートバッグ メンズ,https://item.rakuten.co.jp/kinoco/st-820/,ERROR,ERROR
2026-01-27 10:30,トートバッグ メンズ 小さめ,https://item.rakuten.co.jp/kinoco/cs-25/,ERROR,ERROR
2026-01-27 10:30,長財布 メンズ,https://item.rakuten.co.jp/kinoco/wallet-04/,ERROR,ERROR
2026-01-27 10:30,財布 メンズ 二つ折り 本革,https://item.rakuten.co.jp/kinoco/cs-05/,ERROR,ERROR
2026-01-27 10:30,二つ折り財布 メンズ,https://item.rakuten.co.jp/kinoco/wallet-09/,ERROR,ERROR
2026-01-27 12:42,トートバッグ レディース,https://item.rakuten.co.jp/kinoco/square-tote,圏外,28
2026-01-27 12:42,サコッシュ メンズ,https://item.rakuten.co.jp/kinoco/b1404,1,3
2026-01-27 12:42,トートバッグ レディース,https://item.rakuten.co.jp/kinoco/82193,圏外,11
2026-01-27 12:42,三つ折り財布 レディース,https://item.rakuten.co.jp/kinoco/st-909,4,8
2026-01-27 12:42,三つ折り財布,https://item.rakuten.co.jp/kinoco/st-909,4,10
2026-01-27 12:42,ミニ財布 本革,https://item.rakuten.co.jp/kinoco/st-909,圏外,3
2026-01-27 12:42,ミニ財布 本革 レディース,https://item.rakuten.co.jp/kinoco/st-909,1,1
2026-01-27 12:42,ハンドバッグ レディース,https://item.rakuten.co.jp/kinoco/stb-152/,圏外,5
2026-01-27 12:42,二つ折り財布 レディース,https://item.rakuten.co.jp/kinoco/st-w1660/,圏外,圏外
2026-01-27 12:42,トートバッグ メンズ,https://item.rakuten.co.jp/kinoco/cs-23/,圏外,11
2026-01-27 12:42,ビジネスバッグ,https://item.rakuten.co.jp/kinoco/cs-23/,4,28
2026-01-27 12:42,サコッシュ メンズ,https://item.rakuten.co.jp/kinoco/cs-26/,4,14
2026-01-27 12:42,トートバッグ メンズ 本革,https://item.rakuten.co.jp/kinoco/cs-29/,3,4
2026-01-27 12:42,長財布 レディース 本革,https://item.rakuten.co.jp/kinoco/st-831w/,1,4
2026-01-27 12:42,二つ折り財布,https://item.rakuten.co.jp/kinoco/st-819/,2,17
2026-01-27 12:42,二つ折り財布メンズ,https://item.rakuten.co.jp/kinoco/st-819/,1,8
2026-01-27 12:42,トートバッグ メンズ,https://item.rakuten.co.jp/kinoco/st-820/,2,14
2026-01-27 12:42,トートバッグ メンズ 小さめ,https://item.rakuten.co.jp/kinoco/cs-25/,1,36
2026-01-27 12:42,長財布 メンズ,https://item.rakuten.co.jp/kinoco/wallet-04/,1,4
2026-01-27 12:42,財布 メンズ 二つ折り 本革,https://item.rakuten.co.jp/kinoco/cs-05/,2,14
2026-01-27 12:42,二つ折り財布 メンズ,https://item.rakuten.co.jp/kinoco/wallet-09/,圏外,2
2026-01-27 04:53,トートバッグ レディース,https://item.rakuten.co.jp/kinoco/square-tote,圏外,7
2026-01-27 04:53,サコッシュ メンズ,https://item.rakuten.co.jp/kinoco/b1404,1,3
2026-01-27 04:53,トートバッグ レディース,https://item.rakuten.co.jp/kinoco/82193,圏外,圏外
2026-01-27 04:53,三つ折り財布 レディース,https://item.rakuten.co.jp/kinoco/st-909,3,8
2026-01-27 04:53,三つ折り財布,https://item.rakuten.co.jp/kinoco/st-909,4,10
2026-01-27 04:53,ミニ財布 本革,https://item.rakuten.co.jp/kinoco/st-909,圏外,2
2026-01-27 04:53,ミニ財布 本革 レディース,https://item.rakuten.co.jp/kinoco/st-909,1,1
2026-01-27 04:53,ハンドバッグ レディース,https://item.rakuten.co.jp/kinoco/stb-152/,圏外,3
2026-01-27 04:53,二つ折り財布 レディース,https://item.rakuten.co.jp/kinoco/st-w1660/,圏外,圏外
2026-01-27 04:53,トートバッグ メンズ,https://item.rakuten.co.jp/kinoco/cs-23/,圏外,12
2026-01-27 04:53,ビジネスバッグ,https://item.rakuten.co.jp/kinoco/cs-23/,5,34
2026-01-27 04:53,サコッシュ メンズ,https://item.rakuten.co.jp/kinoco/cs-26/,圏外,16
2026-01-27 04:53,トートバッグ メンズ 本革,https://item.rakuten.co.jp/kinoco/cs-29/,3,4
2026-01-27 04:53,長財布 レディース 本革,https://item.rakuten.co.jp/kinoco/st-831w/,1,4
2026-01-27 04:53,二つ折り財布,https://item.rakuten.co.jp/kinoco/st-819/,圏外,16
2026-01-27 04:53,二つ折り財布メンズ,https://item.rakuten.co.jp/kinoco/st-819/,2,10
2026-01-27 04:53,トートバッグ メンズ,https://item.rakuten.co.jp/kinoco/st-820/,4,17
2026-01-27 04:53,トートバッグ メンズ 小さめ,https://item.rakuten.co.jp/kinoco/cs-25/,1,36
2026-01-27 04:53,長財布 メンズ,https://item.rakuten.co.jp/kinoco/wallet-04/,2,5
2026-01-27 04:53,財布 メンズ 二つ折り 本革,https://item.rakuten.co.jp/kinoco/cs-05/,2,27
2026-01-27 04:53,二つ折り財布 メンズ,https://item.rakuten.co.jp/kinoco/wallet-09/,圏外,5
2026-01-27 05:06,トートバッグ レディース,https://item.rakuten.co.jp/kinoco/square-tote,圏外,28
2026-01-27 05:06,サコッシュ メンズ,https://item.rakuten.co.jp/kinoco/b1404,1,4
2026-01-27 05:06,トートバッグ レディース,https://item.rakuten.co.jp/kinoco/82193,圏外,11
2026-01-27 05:06,三つ折り財布 レディース,https://item.rakuten.co.jp/kinoco/st-909,4,8
2026-01-27 05:06,三つ折り財布,https://item.rakuten.co.jp/kinoco/st-909,4,10
2026-01-27 05:06,ミニ財布 本革,https://item.rakuten.co.jp/kinoco/st-909,圏外,3
2026-01-27 05:06,ミニ財布 本革 レディース,https://item.rakuten.co.jp/kinoco/st-909,1,1
2026-01-27 05:06,ハンドバッグ レディース,https://item.rakuten.co.jp/kinoco/stb-152/,圏外,5
2026-01-27 05:06,二つ折り財布 レディース,https://item.rakuten.co.jp/kinoco/st-w1660/,圏外,圏外
2026-01-27 05:06,トートバッグ メンズ,https://item.rakuten.co.jp/kinoco/cs-23/,圏外,12
2026-01-27 05:06,ビジネスバッグ,https://item.rakuten.co.jp/kinoco/cs-23/,4,29
2026-01-27 05:06,サコッシュ メンズ,https://item.rakuten.co.jp/kinoco/cs-26/,5,15
2026-01-27 05:06,トートバッグ メンズ 本革,https://item.rakuten.co.jp/kinoco/cs-29/,3,4
2026-01-27 05:06,長財布 レディース 本革,https://item.rakuten.co.jp/kinoco/st-831w/,1,4
2026-01-27 05:06,二つ折り財布,https://item.rakuten.co.jp/kinoco/st-819/,2,16
2026-01-27 05:06,二つ折り財布メンズ,https://item.rakuten.co.jp/kinoco/st-819/,1,8
2026-01-27 05:06,トートバッグ メンズ,https://item.rakuten.co.jp/kinoco/st-820/,4,17
2026-01-27 05:06,トートバッグ メンズ 小さめ,https://item.rakuten.co.jp/kinoco/cs-25/,1,36
2026-01-27 05:06,長財布 メンズ,https://item.rakuten.co.jp/kinoco/wallet-04/,2,4
2026-01-27 05:06,財布 メンズ 二つ折り 本革,https://item.rakuten.co.jp/kinoco/cs-05/,2,14
2026-01-27 05:06,二つ折り財布 メンズ,https://item.rakuten.co.jp/kinoco/wallet-09/,圏外,5
2026-01-27 05:20,トートバッグ レディース,https://item.rakuten.co.jp/kinoco/square-tote,圏外,26
2026-01-27 05:20,サコッシュ メンズ,https://item.rakuten.co.jp/kinoco/b1404,1,2
2026-01-27 05:20,トートバッグ レディース,https://item.rakuten.co.jp/kinoco/82193,圏外,10
2026-01-27 05:20,三つ折り財布 レディース,https://item.rakuten.co.jp/kinoco/st-909,2,8
2026-01-27 05:20,三つ折り財布,https://item.rakuten.co.jp/kinoco/st-909,3,10
2026-01-27 05:20,ミニ財布 本革,https://item.rakuten.co.jp/kinoco/st-909,圏外,3
2026-01-27 05:20,ミニ財布 本革 レディース,https://item.rakuten.co.jp/kinoco/st-909,1,1
2026-01-27 05:20,ハンドバッグ レディース,https://item.rakuten.co.jp/kinoco/stb-152/,圏外,5
2026-01-27 05:20,二つ折り財布 レディース,https://item.rakuten.co.jp/kinoco/st-w1660/,圏外,圏外
2026-01-27 05:20,トートバッグ メンズ,https://item.rakuten.co.jp/kinoco/cs-23/,圏外,12
2026-01-27 05:20,ビジネスバッグ,https://item.rakuten.co.jp/kinoco/cs-23/,4,29
2026-01-27 05:20,サコッシュ メンズ,https://item.rakuten.co.jp/kinoco/cs-26/,4,15
2026-01-27 05:20,トートバッグ メンズ 本革,https://item.rakuten.co.jp/kinoco/cs-29/,3,4
2026-01-27 05:20,長財布 レディース 本革,https://item.rakuten.co.jp/kinoco/st-831w/,1,4
2026-01-27 05:20,二つ折り財布,https://item.rakuten.co.jp/kinoco/st-819/,2,16
2026-01-27 05:20,二つ折り財布メンズ,https://item.rakuten.co.jp/kinoco/st-819/,1,8
2026-01-27 05:20,トートバッグ メンズ,https://item.rakuten.co.jp/kinoco/st-820/,2,17
2026-01-27 05:20,トートバッグ メンズ 小さめ,https://item.rakuten.co.jp/kinoco/cs-25/,1,36
2026-01-27 05:20,長財布 メンズ,https://item.rakuten.co.jp/kinoco/wallet-04/,2,4
2026-01-27 05:20,財布 メンズ 二つ折り 本革,https://item.rakuten.co.jp/kinoco/cs-05/,2,14
2026-01-27 05:20,二つ折り財布 メンズ,https://item.rakuten.co.jp/kinoco/wallet-09/,圏外,5
2026-01-27 05:41,トートバッグ レディース,https://item.rakuten.co.jp/kinoco/square-tote,圏外,28
2026-01-27 05:41,サコッシュ メンズ,https://item.rakuten.co.jp/kinoco/b1404,1,4
2026-01-27 05:41,トートバッグ レディース,https://item.rakuten.co.jp/kinoco/82193,圏外,11
2026-01-27 05:41,三つ折り財布 レディース,https://item.rakuten.co.jp/kinoco/st-909,4,8
2026-01-27 05:41,三つ折り財布,https://item.rakuten.co.jp/kinoco/st-909,4,10
2026-01-27 05:41,ミニ財布 本革,https://item.rakuten.co.jp/kinoco/st-909,圏外,3
2026-01-27 05:41,ミニ財布 本革 レディース,https://item.rakuten.co.jp/kinoco/st-909,1,1
2026-01-27 05:41,ハンドバッグ レディース,https://item.rakuten.co.jp/kinoco/stb-152/,圏外,5
2026-01-27 05:41,二つ折り財布 レディース,https://item.rakuten.co.jp/kinoco/st-w1660/,圏外,圏外
2026-01-27 05:41,トートバッグ メンズ,https://item.rakuten.co.jp/kinoco/cs-23/,圏外,12
2026-01-27 05:41,ビジネスバッグ,https://item.rakuten.co.jp/kinoco/cs-23/,4,29
2026-01-27 05:41,サコッシュ メンズ,https://item.rakuten.co.jp/kinoco/cs-26/,5,15
2026-01-27 05:41,トートバッグ メンズ 本革,https://item.rakuten.co.jp/kinoco/cs-29/,3,4
2026-01-27 05:41,長財布 レディース 本革,https://item.rakuten.co.jp/kinoco/st-831w/,1,4
2026-01-27 05:41,二つ折り財布,https://item.rakuten.co.jp/kinoco/st-819/,2,16
2026-01-27 05:41,二つ折り財布メンズ,https://item.rakuten.co.jp/kinoco/st-819/,1,8
2026-01-27 05:41,トートバッグ メンズ,https://item.rakuten.co.jp/kinoco/st-820/,4,17
2026-01-27 05:41,トートバッグ メンズ 小さめ,https://item.rakuten.co.jp/kinoco/cs-25/,1,36
2026-01-27 05:41,長財布 メンズ,https://item.rakuten.co.jp/kinoco/wallet-04/,2,4
2026-01-27 05:41,財布 メンズ 二つ折り 本革,https://item.rakuten.co.jp/kinoco/cs-05/,2,14
2026-01-27 05:41,二つ折り財布 メンズ,https://item.rakuten.co.jp/kinoco/wallet-09/,圏外,5
2026-01-27 05:54,トートバッグ レディース,https://item.rakuten.co.jp/kinoco/square-tote,圏外,7
2026-01-27 05:54,サコッシュ メンズ,https://item.rakuten.co.jp/kinoco/b1404,1,3
2026-01-27 05:54,トートバッグ レディース,https://item.rakuten.co.jp/kinoco/82193,圏外,圏外
2026-01-27 05:54,三つ折り財布 レディース,https://item.rakuten.co.jp/kinoco/st-909,3,8
2026-01-27 05:54,三つ折り財布,https://item.rakuten.co.jp/kinoco/st-909,4,10
2026-01-27 05:54,ミニ財布 本革,https://item.rakuten.co.jp/kinoco/st-909,圏外,2
2026-01-27 05:54,ミニ財布 本革 レディース,https://item.rakuten.co.jp/kinoco/st-909,1,1
2026-01-27 05:54,ハンドバッグ レディース,https://item.rakuten.co.jp/kinoco/stb-152/,圏外,3
2026-01-27 05:54,二つ折り財布 レディース,https://item.rakuten.co.jp/kinoco/st-w1660/,圏外,圏外
2026-01-27 05:54,トートバッグ メンズ,https://item.rakuten.co.jp/kinoco/cs-23/,圏外,12
2026-01-27 05:54,ビジネスバッグ,https://item.rakuten.co.jp/kinoco/cs-23/,4,29
2026-01-27 05:54,サコッシュ メンズ,https://item.rakuten.co.jp/kinoco/cs-26/,圏外,16
2026-01-27 05:54,トートバッグ メンズ 本革,https://item.rakuten.co.jp/kinoco/cs-29/,3,4
2026-01-27 05:54,長財布 レディース 本革,https://item.rakuten.co.jp/kinoco/st-831w/,1,4
2026-01-27 05:54,二つ折り財布,https://item.rakuten.co.jp/kinoco/st-819/,圏外,16
2026-01-27 05:54,二つ折り財布メンズ,https://item.rakuten.co.jp/kinoco/st-819/,2,10
2026-01-27 05:54,トートバッグ メンズ,https://item.rakuten.co.jp/kinoco/st-820/,4,17
2026-01-27 05:54,トートバッグ メンズ 小さめ,https://item.rakuten.co.jp/kinoco/cs-25/,1,36
2026-01-27 05:54,長財布 メンズ,https://item.rakuten.co.jp/kinoco/wallet-04/,2,5
2026-01-27 05:54,財布 メンズ 二つ折り 本革,https://item.rakuten.co.jp/kinoco/cs-05/,2,27
2026-01-27 05:54,二つ折り財布 メンズ,https://item.rakuten.co.jp/kinoco/wallet-09/,圏外,5
2026-01-27,トートバッグ レディース,https://item.rakuten.co.jp/kinoco/square-tote,圏外,28
2026-01-27,サコッシュ メンズ,https://item.rakuten.co.jp/kinoco/b1404,1,4
2026-01-27,トートバッグ レディース,https://item.rakuten.co.jp/kinoco/82193,圏外,11
2026-01-27,三つ折り財布 レディース,https://item.rakuten.co.jp/kinoco/st-909,4,8
2026-01-27,三つ折り財布,https://item.rakuten.co.jp/kinoco/st-909,4,10
2026-01-27,ミニ財布 本革,https://item.rakuten.co.jp/kinoco/st-909,圏外,3
2026-01-27,ミニ財布 本革 レディース,https://item.rakuten.co.jp/kinoco/st-909,1,1
2026-01-27,ハンドバッグ レディース,https://item.rakuten.co.jp/kinoco/stb-152/,圏外,5
2026-01-27,二つ折り財布 レディース,https://item.rakuten.co.jp/kinoco/st-w1660/,圏外,圏外
2026-01-27,トートバッグ メンズ,https://item.rakuten.co.jp/kinoco/cs-23/,圏外,12
2026-01-27,ビジネスバッグ,https://item.rakuten.co.jp/kinoco/cs-23/,4,29
2026-01-27,サコッシュ メンズ,https://item.rakuten.co.jp/kinoco/cs-26/,5,15
2026-01-27,トートバッグ メンズ 本革,https://item.rakuten.co.jp/kinoco/cs-29/,3,4
2026-01-27,長財布 レディース 本革,https://item.rakuten.co.jp/kinoco/st-831w/,1,4
2026-01-27,二つ折り財布,https://item.rakuten.co.jp/kinoco/st-819/,2,16
2026-01-27,二つ折り財布メンズ,https://item.rakuten.co.jp/kinoco/st-819/,1,8
2026-01-27,トートバッグ メンズ,https://item.rakuten.co.jp/kinoco/st-820/,4,17
2026-01-27,トートバッグ メンズ 小さめ,https://item.rakuten.co.jp/kinoco/cs-25/,1,36
2026-01-27,長財布 メンズ,https://item.rakuten.co.jp/kinoco/wallet-04/,2,4
2026-01-27,財布 メンズ 二つ折り 本革,https://item.rakuten.co.jp/kinoco/cs-05/,2,14
2026-01-27,二つ折り財布 メンズ,https://item.rakuten.co.jp/kinoco/wallet-09/,圏外,5
2026-01-27,トートバッグ レディース,https://item.rakuten.co.jp/kinoco/square-tote,圏外,26
2026-01-27,サコッシュ メンズ,https://item.rakuten.co.jp/kinoco/b1404,1,2
2026-01-27,トートバッグ レディース,https://item.rakuten.co.jp/kinoco/82193,圏外,10
2026-01-27,三つ折り財布 レディース,https://item.rakuten.co.jp/kinoco/st-909,3,7
2026-01-27,三つ折り財布,https://item.rakuten.co.jp/kinoco/st-909,4,10
2026-01-27,ミニ財布 本革,https://item.rakuten.co.jp/kinoco/st-909,圏外,2
2026-01-27,ミニ財布 本革 レディース,https://item.rakuten.co.jp/kinoco/st-909,1,1
2026-01-27,ハンドバッグ レディース,https://item.rakuten.co.jp/kinoco/stb-152/,圏外,4
2026-01-27,二つ折り財布 レディース,https://item.rakuten.co.jp/kinoco/st-w1660/,圏外,圏外
2026-01-27,トートバッグ メンズ,https://item.rakuten.co.jp/kinoco/cs-23/,圏外,12
2026-01-27,ビジネスバッグ,https://item.rakuten.co.jp/kinoco/cs-23/,4,29
2026-01-27,サコッシュ メンズ,https://item.rakuten.co.jp/kinoco/cs-26/,4,14
2026-01-27,トートバッグ メンズ 本革,https://item.rakuten.co.jp/kinoco/cs-29/,3,4
2026-01-27,長財布 レディース 本革,https://item.rakuten.co.jp/kinoco/st-831w/,1,4
2026-01-27,二つ折り財布,https://item.rakuten.co.jp/kinoco/st-819/,2,17
2026-01-27,二つ折り財布メンズ,https://item.rakuten.co.jp/kinoco/st-819/,1,8
2026-01-27,トートバッグ メンズ,https://item.rakuten.co.jp/kinoco/st-820/,2,16
2026-01-27,トートバッグ メンズ 小さめ,https://item.rakuten.co.jp/kinoco/cs-25/,1,36
2026-01-27,長財布 メンズ,https://item.rakuten.co.jp/kinoco/wallet-04/,2,4
2026-01-27,財布 メンズ 二つ折り 本革,https://item.rakuten.co.jp/kinoco/cs-05/,2,14
2026-01-27,二つ折り財布 メンズ,https://item.rakuten.co.jp/kinoco/wallet-09/,圏外,5
2026-01-27,トートバッグ レディース,https://item.rakuten.co.jp/kinoco/square-tote,圏外,28
2026-01-27,サコッシュ メンズ,https://item.rakuten.co.jp/kinoco/b1404,1,4
2026-01-27,トートバッグ レディース,https://item.rakuten.co.jp/kinoco/82193,圏外,11
2026-01-27,三つ折り財布 レディース,https://item.rakuten.co.jp/kinoco/st-909,4,8
2026-01-27,三つ折り財布,https://item.rakuten.co.jp/kinoco/st-909,4,10
2026-01-27,ミニ財布 本革,https://item.rakuten.co.jp/kinoco/st-909,圏外,3
2026-01-27,ミニ財布 本革 レディース,https://item.rakuten.co.jp/kinoco/st-909,1,1
2026-01-27,ハンドバッグ レディース,https://item.rakuten.co.jp/kinoco/stb-152/,圏外,5
2026-01-27,二つ折り財布 レディース,https://item.rakuten.co.jp/kinoco/st-w1660/,圏外,圏外
2026-01-27,トートバッグ メンズ,https://item.rakuten.co.jp/kinoco/cs-23/,圏外,12
2026-01-27,ビジネスバッグ,https://item.rakuten.co.jp/kinoco/cs-23/,4,29
2026-01-27,サコッシュ メンズ,https://item.rakuten.co.jp/kinoco/cs-26/,5,15
2026-01-27,トートバッグ メンズ 本革,https://item.rakuten.co.jp/kinoco/cs-29/,3,4
2026-01-27,長財布 レディース 本革,https://item.rakuten.co.jp/kinoco/st-831w/,1,4
2026-01-27,二つ折り財布,https://item.rakuten.co.jp/kinoco/st-819/,2,16
2026-01-27,二つ折り財布メンズ,https://item.rakuten.co.jp/kinoco/st-819/,1,8
2026-01-27,トートバッグ メンズ,https://item.rakuten.co.jp/kinoco/st-820/,4,17
2026-01-27,トートバッグ メンズ 小さめ,https://item.rakuten.co.jp/kinoco/cs-25/,1,36
2026-01-27,長財布 メンズ,https://item.rakuten.co.jp/kinoco/wallet-04/,2,4
2026-01-27,財布 メンズ 二つ折り 本革,https://item.rakuten.co.jp/kinoco/cs-05/,2,14
2026-01-27,二つ折り財布 メンズ,https://item.rakuten.co.jp/kinoco/wallet-09/,圏外,5
2026-01-27,トートバッグ レディース,https://item.rakuten.co.jp/kinoco/square-tote,圏外,7
2026-01-27,サコッシュ メンズ,https://item.rakuten.co.jp/kinoco/b1404,1,3
2026-01-27,トートバッグ レディース,https://item.rakuten.co.jp/kinoco/82193,圏外,圏外
2026-01-27,三つ折り財布 レディース,https://item.rakuten.co.jp/kinoco/st-909,3,8
2026-01-27,三つ折り財布,https://item.rakuten.co.jp/kinoco/st-909,4,10
2026-01-27,ミニ財布 本革,https://item.rakuten.co.jp/kinoco/st-909,圏外,2
2026-01-27,ミニ財布 本革 レディース,https://item.rakuten.co.jp/kinoco/st-909,1,1
2026-01-27,ハンドバッグ レディース,https://item.rakuten.co.jp/kinoco/stb-152/,圏外,3
2026-01-27,二つ折り財布 レディース,https://item.rakuten.co.jp/kinoco/st-w1660/,圏外,圏外
2026-01-27,トートバッグ メンズ,https://item.rakuten.co.jp/kinoco/cs-23/,圏外,12
2026-01-27,ビジネスバッグ,https://item.rakuten.co.jp/kinoco/cs-23/,4,29
2026-01-27,サコッシュ メンズ,https://item.rakuten.co.jp/kinoco/cs-26/,圏外,16
2026-01-27,トートバッグ メンズ 本革,https://item.rakuten.co.jp/kinoco/cs-29/,3,4
2026-01-27,長財布 レディース 本革,https://item.rakuten.co.jp/kinoco/st-831w/,1,4
2026-01-27,二つ折り財布,https://item.rakuten.co.jp/kinoco/st-819/,2,19
2026-01-27,二つ折り財布メンズ,https://item.rakuten.co.jp/kinoco/st-819/,2,10
2026-01-27,トートバッグ メンズ,https://item.rakuten.co.jp/kinoco/st-820/,4,17
2026-01-27,トートバッグ メンズ 小さめ,https://item.rakuten.co.jp/kinoco/cs-25/,1,36
2026-01-27,長財布 メンズ,https://item.rakuten.co.jp/kinoco/wallet-04/,2,5
2026-01-27,財布 メンズ 二つ折り 本革,https://item.rakuten.co.jp/kinoco/cs-05/,2,27
2026-01-27,二つ折り財布 メンズ,https://item.rakuten.co.jp/kinoco/wallet-09/,圏外,5
2026-01-27,トートバッグ レディース,https://item.rakuten.co.jp/kinoco/square-tote,圏外,26
2026-01-27,サコッシュ メンズ,https://item.rakuten.co.jp/kinoco/b1404,1,2
2026-01-27,トートバッグ レディース,https://item.rakuten.co.jp/kinoco/82193,圏外,10
2026-01-27,三つ折り財布 レディース,https://item.rakuten.co.jp/kinoco/st-909,3,7
2026-01-27,三つ折り財布,https://item.rakuten.co.jp/kinoco/st-909,4,10
2026-01-27,ミニ財布 本革,https://item.rakuten.co.jp/kinoco/st-909,圏外,2
2026-01-27,ミニ財布 本革 レディース,https://item.rakuten.co.jp/kinoco/st-909,1,1
2026-01-27,ハンドバッグ レディース,https://item.rakuten.co.jp/kinoco/stb-152/,圏外,4
2026-01-27,二つ折り財布 レディース,https://item.rakuten.co.jp/kinoco/st-w1660/,圏外,圏外
2026-01-27,トートバッグ メンズ,https://item.rakuten.co.jp/kinoco/cs-23/,圏外,12
2026-01-27,ビジネスバッグ,https://item.rakuten.co.jp/kinoco/cs-23/,4,29
2026-01-27,サコッシュ メンズ,https://item.rakuten.co.jp/kinoco/cs-26/,4,14
2026-01-27,トートバッグ メンズ 本革,https://item.rakuten.co.jp/kinoco/cs-29/,3,4
2026-01-27,長財布 レディース 本革,https://item.rakuten.co.jp/kinoco/st-831w/,1,4
2026-01-27,二つ折り財布,https://item.rakuten.co.jp/kinoco/st-819/,2,17
2026-01-27,二つ折り財布メンズ,https://item.rakuten.co.jp/kinoco/st-819/,1,8
2026-01-27,トートバッグ メンズ,https://item.rakuten.co.jp/kinoco/st-820/,2,16
2026-01-27,トートバッグ メンズ 小さめ,https://item.rakuten.co.jp/kinoco/cs-25/,1,36
2026-01-27,長財布 メンズ,https://item.rakuten.co.jp/kinoco/wallet-04/,2,4
2026-01-27,財布 メンズ 二つ折り 本革,https://item.rakuten.co.jp/kinoco/cs-05/,2,14
2026-01-27,二つ折り財布 メンズ,https://item.rakuten.co.jp/kinoco/wallet-09/,圏外,5
2026-01-27,トートバッグ レディース,https://item.rakuten.co.jp/kinoco/square-tote,圏外,28
2026-01-27,サコッシュ メンズ,https://item.rakuten.co.jp/kinoco/b1404,1,3
2026-01-27,トートバッグ レディース,https://item.rakuten.co.jp/kinoco/82193,圏外,9
2026-01-27,三つ折り財布 レディース,https://item.rakuten.co.jp/kinoco/st-909,3,8
2026-01-27,三つ折り財布,https://item.rakuten.co.jp/kinoco/st-909,4,10
2026-01-27,ミニ財布 本革,https://item.rakuten.co.jp/kinoco/st-909,圏外,2
2026-01-27,ミニ財布 本革 レディース,https://item.rakuten.co.jp/kinoco/st-909,1,1
2026-01-27,ハンドバッグ レディース,https://item.rakuten.co.jp/kinoco/stb-152/,圏外,3
2026-01-27,二つ折り財布 レディース,https://item.rakuten.co.jp/kinoco/st-w1660/,圏外,圏外
2026-01-27,トートバッグ メンズ,https://item.rakuten.co.jp/kinoco/cs-23/,圏外,12
2026-01-27,ビジネスバッグ,https://item.rakuten.co.jp/kinoco/cs-23/,4,29
2026-01-27,サコッシュ メンズ,https://item.rakuten.co.jp/kinoco/cs-26/,圏外,16
2026-01-27,トートバッグ メンズ 本革,https://item.rakuten.co.jp/kinoco/cs-29/,3,4
2026-01-27,長財布 レディース 本革,https://item.rakuten.co.jp/kinoco/st-831w/,1,4
2026-01-27,二つ折り財布,https://item.rakuten.co.jp/kinoco/st-819/,2,19
2026-01-27,二つ折り財布メンズ,https://item.rakuten.co.jp/kinoco/st-819/,2,10
2026-01-27,トートバッグ メンズ,https://item.rakuten.co.jp/kinoco/st-820/,4,17
2026-01-27,トートバッグ メンズ 小さめ,https://item.rakuten.co.jp/kinoco/cs-25/,1,36
2026-01-27,長財布 メンズ,https://item.rakuten.co.jp/kinoco/wallet-04/,2,5
2026-01-27,財布 メンズ 二つ折り 本革,https://item.rakuten.co.jp/kinoco/cs-05/,2,27
2026-01-27,二つ折り財布 メンズ,https://item.rakuten.co.jp/kinoco/wallet-09/,圏外,5
2026-01-27,トートバッグ レディース,https://item.rakuten.co.jp/kinoco/square-tote,圏外,28
2026-01-27,サコッシュ メンズ,https://item.rakuten.co.jp/kinoco/b1404,1,4
2026-01-27,トートバッグ レディース,https://item.rakuten.co.jp/kinoco/82193,圏外,11
2026-01-27,三つ折り財布 レディース,https://item.rakuten.co.jp/kinoco/st-909,4,8
2026-01-27,三つ折り財布,https://item.rakuten.co.jp/kinoco/st-909,4,10
2026-01-27,ミニ財布 本革,https://item.rakuten.co.jp/kinoco/st-909,圏外,3
2026-01-27,ミニ財布 本革 レディース,https://item.rakuten.co.jp/kinoco/st-909,1,1
2026-01-27,ハンドバッグ レディース,https://item.rakuten.co.jp/kinoco/stb-152/,圏外,5
2026-01-27,二つ折り財布 レディース,https://item.rakuten.co.jp/kinoco/st-w1660/,圏外,圏外
2026-01-27,トートバッグ メンズ,https://item.rakuten.co.jp/kinoco/cs-23/,圏外,12
2026-01-27,ビジネスバッグ,https://item.rakuten.co.jp/kinoco/cs-23/,4,29
2026-01-27,サコッシュ メンズ,https://item.rakuten.co.jp/kinoco/cs-26/,5,15
2026-01-27,トートバッグ メンズ 本革,https://item.rakuten.co.jp/kinoco/cs-29/,3,4
2026-01-27,長財布 レディース 本革,https://item.rakuten.co.jp/kinoco/st-831w/,1,4
2026-01-27,二つ折り財布,https://item.rakuten.co.jp/kinoco/st-819/,2,16
2026-01-27,二つ折り財布メンズ,https://item.rakuten.co.jp/kinoco/st-819/,1,8
2026-01-27,トートバッグ メンズ,https://item.rakuten.co.jp/kinoco/st-820/,4,17
2026-01-27,トートバッグ メンズ 小さめ,https://item.rakuten.co.jp/kinoco/cs-25/,1,36
2026-01-27,長財布 メンズ,https://item.rakuten.co.jp/kinoco/wallet-04/,2,4
2026-01-27,財布 メンズ 二つ折り 本革,https://item.rakuten.co.jp/kinoco/cs-05/,2,14
2026-01-27,二つ折り財布 メンズ,https://item.rakuten.co.jp/kinoco/wallet-09/,圏外,5
2026-01-28,トートバッグ レディース,https://item.rakuten.co.jp/kinoco/square-tote,圏外,25
2026-01-28,サコッシュ メンズ,https://item.rakuten.co.jp/kinoco/b1404,3,4
2026-01-28,トートバッグ レディース,https://item.rakuten.co.jp/kinoco/82193,圏外,16
2026-01-28,三つ折り財布 レディース,https://item.rakuten.co.jp/kinoco/st-909,2,13
2026-01-28,三つ折り財布,https://item.rakuten.co.jp/kinoco/st-909,4,12
2026-01-28,ミニ財布 本革,https://item.rakuten.co.jp/kinoco/st-909,4,6
2026-01-28,ミニ財布 本革 レディース,https://item.rakuten.co.jp/kinoco/st-909,1,1
2026-01-28,ハンドバッグ レディース,https://item.rakuten.co.jp/kinoco/stb-152/,圏外,7
2026-01-28,二つ折り財布 レディース,https://item.rakuten.co.jp/kinoco/st-w1660/,圏外,圏外
2026-01-28,トートバッグ メンズ,https://item.rakuten.co.jp/kinoco/cs-23/,圏外,18
2026-01-28,ビジネスバッグ,https://item.rakuten.co.jp/kinoco/cs-23/,圏外,32
2026-01-28,サコッシュ メンズ,https://item.rakuten.co.jp/kinoco/cs-26/,5,13
2026-01-28,トートバッグ メンズ 本革,https://item.rakuten.co.jp/kinoco/cs-29/,2,8
2026-01-28,長財布 レディース 本革,https://item.rakuten.co.jp/kinoco/st-831w/,1,7
2026-01-28,二つ折り財布,https://item.rakuten.co.jp/kinoco/st-819/,2,6
2026-01-28,二つ折り財布メンズ,https://item.rakuten.co.jp/kinoco/st-819/,2,9
2026-01-28,トートバッグ メンズ,https://item.rakuten.co.jp/kinoco/st-820/,3,14
2026-01-28,トートバッグ メンズ 小さめ,https://item.rakuten.co.jp/kinoco/cs-25/,1,圏外
2026-01-28,長財布 メンズ,https://item.rakuten.co.jp/kinoco/wallet-04/,1,2
2026-01-28,財布 メンズ 二つ折り 本革,https://item.rakuten.co.jp/kinoco/cs-05/,2,14
2026-01-28,二つ折り財布 メンズ,https://item.rakuten.co.jp/kinoco/wallet-09/,圏外,8
2026-01-29,トートバッグ レディース,https://item.rakuten.co.jp/kinoco/square-tote,圏外,20
2026-01-29,サコッシュ メンズ,https://item.rakuten.co.jp/kinoco/b1404,1,7
2026-01-29,トートバッグ レディース,https://item.rakuten.co.jp/kinoco/82193,圏外,23
2026-01-29,三つ折り財布 レディース,https://item.rakuten.co.jp/kinoco/st-909,2,16
2026-01-29,三つ折り財布,https://item.rakuten.co.jp/kinoco/st-909,4,15
2026-01-29,ミニ財布 本革,https://item.rakuten.co.jp/kinoco/st-909,圏外,9
2026-01-29,ミニ財布 本革 レディース,https://item.rakuten.co.jp/kinoco/st-909,1,1
2026-01-29,ハンドバッグ レディース,https://item.rakuten.co.jp/kinoco/stb-152/,圏外,10
2026-01-29,二つ折り財布 レディース,https://item.rakuten.co.jp/kinoco/st-w1660/,圏外,圏外
2026-01-29,トートバッグ メンズ,https://item.rakuten.co.jp/kinoco/cs-23/,圏外,16
2026-01-29,ビジネスバッグ,https://item.rakuten.co.jp/kinoco/cs-23/,3,圏外
2026-01-29,サコッシュ メンズ,https://item.rakuten.co.jp/kinoco/cs-26/,圏外,15
2026-01-29,トートバッグ メンズ 本革,https://item.rakuten.co.jp/kinoco/cs-29/,圏外,4
2026-01-29,長財布 レディース 本革,https://item.rakuten.co.jp/kinoco/st-831w/,1,25
2026-01-29,二つ折り財布,https://item.rakuten.co.jp/kinoco/st-819/,3,5
2026-01-29,二つ折り財布メンズ,https://item.rakuten.co.jp/kinoco/st-819/,2,16
2026-01-29,トートバッグ メンズ,https://item.rakuten.co.jp/kinoco/st-820/,5,15
2026-01-29,トートバッグ メンズ 小さめ,https://item.rakuten.co.jp/kinoco/cs-25/,1,圏外
2026-01-29,長財布 メンズ,https://item.rakuten.co.jp/kinoco/wallet-04/,1,3
2026-01-29,財布 メンズ 二つ折り 本革,https://item.rakuten.co.jp/kinoco/cs-05/,3,23
2026-01-29,二つ折り財布 メンズ,https://item.rakuten.co.jp/kinoco/wallet-09/,圏外,7
2026-01-29,長財布 レディース,https://item.rakuten.co.jp/kinoco/st-w1675/,圏外,圏外
2026-01-29,長財布 レディース 大容量,https://item.rakuten.co.jp/kinoco/st-w1675/,圏外,圏外
2026-01-29,長財布 レディース 本革,https://item.rakuten.co.jp/kinoco/st-w1675/,圏外,圏外
2026-01-29,財布 レディース 二つ折,https://item.rakuten.co.jp/kinoco/st-w1090/,2,43
2026-01-29,財布 レディース 二つ折り かわいい,https://item.rakuten.co.jp/kinoco/st-w1090/,4,圏外
2026-01-30,トートバッグ レディース,https://item.rakuten.co.jp/kinoco/square-tote,圏外,28
2026-01-30,サコッシュ メンズ,https://item.rakuten.co.jp/kinoco/b1404,2,10
2026-01-30,トートバッグ レディース,https://item.rakuten.co.jp/kinoco/82193,圏外,15
2026-01-30,三つ折り財布 レディース,https://item.rakuten.co.jp/kinoco/st-909,2,16
2026-01-30,三つ折り財布,https://item.rakuten.co.jp/kinoco/st-909,3,16
2026-01-30,ミニ財布 本革,https://item.rakuten.co.jp/kinoco/st-909,圏外,11
2026-01-30,ミニ財布 本革 レディース,https://item.rakuten.co.jp/kinoco/st-909,1,1
2026-01-30,ハンドバッグ レディース,https://item.rakuten.co.jp/kinoco/stb-152/,圏外,8
2026-01-30,二つ折り財布 レディース,https://item.rakuten.co.jp/kinoco/st-w1660/,圏外,圏外
2026-01-30,トートバッグ メンズ,https://item.rakuten.co.jp/kinoco/cs-23/,圏外,23
2026-01-30,ビジネスバッグ,https://item.rakuten.co.jp/kinoco/cs-23/,3,圏外
2026-01-30,サコッシュ メンズ,https://item.rakuten.co.jp/kinoco/cs-26/,圏外,12
2026-01-30,トートバッグ メンズ 本革,https://item.rakuten.co.jp/kinoco/cs-29/,4,7
2026-01-30,長財布 レディース 本革,https://item.rakuten.co.jp/kinoco/st-831w/,1,23
2026-01-30,二つ折り財布,https://item.rakuten.co.jp/kinoco/st-819/,5,7
2026-01-30,二つ折り財布メンズ,https://item.rakuten.co.jp/kinoco/st-819/,圏外,25
2026-01-30,トートバッグ メンズ,https://item.rakuten.co.jp/kinoco/st-820/,圏外,21
2026-01-30,トートバッグ メンズ 小さめ,https://item.rakuten.co.jp/kinoco/cs-25/,圏外,圏外
2026-01-30,長財布 メンズ,https://item.rakuten.co.jp/kinoco/wallet-04/,2,4
2026-01-30,財布 メンズ 二つ折り 本革,https://item.rakuten.co.jp/kinoco/cs-05/,4,圏外
2026-01-30,二つ折り財布 メンズ,https://item.rakuten.co.jp/kinoco/wallet-09/,圏外,4
2026-01-30,長財布 レディース,https://item.rakuten.co.jp/kinoco/st-w1675/,圏外,圏外
2026-01-30,長財布 レディース 大容量,https://item.rakuten.co.jp/kinoco/st-w1675/,圏外,圏外
2026-01-30,長財布 レディース 本革,https://item.rakuten.co.jp/kinoco/st-w1675/,5,圏外
2026-01-30,財布 レディース 二つ折,https://item.rakuten.co.jp/kinoco/st-w1090/,4,圏外
2026-01-30,財布 レディース 二つ折り かわいい,https://item.rakuten.co.jp/kinoco/st-w1090/,1,圏外
2026-01-30,ミニトートバッグ レディース,https://item.rakuten.co.jp/kinoco/82190s/,圏外,圏外
2026-01-30,ミニトート,https://item.rakuten.co.jp/kinoco/82190s/,1,圏外
2026-01-30,リュック メンズ 大容量,https://item.rakuten.co.jp/kinoco/cs-22/,圏外,圏外
2026-01-31,トートバッグ レディース,https://item.rakuten.co.jp/kinoco/square-tote,圏外,27
2026-01-31,サコッシュ メンズ,https://item.rakuten.co.jp/kinoco/b1404,1,9
2026-01-31,トートバッグ レディース,https://item.rakuten.co.jp/kinoco/82193,圏外,15
2026-01-31,三つ折り財布 レディース,https://item.rakuten.co.jp/kinoco/st-909,2,14
2026-01-31,三つ折り財布,https://item.rakuten.co.jp/kinoco/st-909,1,12
2026-01-31,ミニ財布 本革,https://item.rakuten.co.jp/kinoco/st-909,3,4
2026-01-31,ミニ財布 本革 レディース,https://item.rakuten.co.jp/kinoco/st-909,1,1
2026-01-31,ハンドバッグ レディース,https://item.rakuten.co.jp/kinoco/stb-152/,圏外,13
2026-01-31,二つ折り財布 レディース,https://item.rakuten.co.jp/kinoco/st-w1660/,圏外,圏外
2026-01-31,トートバッグ メンズ,https://item.rakuten.co.jp/kinoco/cs-23/,圏外,22
2026-01-31,ビジネスバッグ,https://item.rakuten.co.jp/kinoco/cs-23/,2,圏外
2026-01-31,サコッシュ メンズ,https://item.rakuten.co.jp/kinoco/cs-26/,4,14
2026-01-31,トートバッグ メンズ 本革,https://item.rakuten.co.jp/kinoco/cs-29/,1,8
2026-01-31,長財布 レディース 本革,https://item.rakuten.co.jp/kinoco/st-831w/,2,30
2026-01-31,二つ折り財布,https://item.rakuten.co.jp/kinoco/st-819/,4,8
2026-01-31,二つ折り財布メンズ,https://item.rakuten.co.jp/kinoco/st-819/,3,18
2026-01-31,トートバッグ メンズ,https://item.rakuten.co.jp/kinoco/st-820/,2,18
2026-01-31,トートバッグ メンズ 小さめ,https://item.rakuten.co.jp/kinoco/cs-25/,1,圏外
2026-01-31,長財布 メンズ,https://item.rakuten.co.jp/kinoco/wallet-04/,2,5
2026-01-31,財布 メンズ 二つ折り 本革,https://item.rakuten.co.jp/kinoco/cs-05/,3,38
2026-01-31,二つ折り財布 メンズ,https://item.rakuten.co.jp/kinoco/wallet-09/,圏外,4
2026-01-31,長財布 レディース,https://item.rakuten.co.jp/kinoco/st-w1675/,圏外,圏外
2026-01-31,長財布 レディース 大容量,https://item.rakuten.co.jp/kinoco/st-w1675/,2,圏外
2026-01-31,長財布 レディース 本革,https://item.rakuten.co.jp/kinoco/st-w1675/,1,圏外
2026-01-31,財布 レディース 二つ折,https://item.rakuten.co.jp/kinoco/st-w1090/,1,圏外
2026-01-31,財布 レディース 二つ折り かわいい,https://item.rakuten.co.jp/kinoco/st-w1090/,3,圏外
2026-01-31,ミニトートバッグ レディース,https://item.rakuten.co.jp/kinoco/82190s/,5,圏外
2026-01-31,ミニトート,https://item.rakuten.co.jp/kinoco/82190s/,3,圏外
2026-01-31,リュック メンズ 大容量,https://item.rakuten.co.jp/kinoco/cs-22/,圏外,圏外
2026-02-01,トートバッグ レディース,https://item.rakuten.co.jp/kinoco/square-tote,圏外,16
2026-02-01,サコッシュ メンズ,https://item.rakuten.co.jp/kinoco/b1404,2,15
2026-02-01,トートバッグ レディース,https://item.rakuten.co.jp/kinoco/82193,圏外,9
2026-02-01,三つ折り財布 レディース,https://item.rakuten.co.jp/kinoco/st-909,圏外,16
2026-02-01,三つ折り財布,https://item.rakuten.co.jp/kinoco/st-909,5,14
2026-02-01,ミニ財布 本革,https://item.rakuten.co.jp/kinoco/st-909,圏外,8
2026-02-01,ミニ財布 本革 レディース,https://item.rakuten.co.jp/kinoco/st-909,1,1
2026-02-01,ハンドバッグ レディース,https://item.rakuten.co.jp/kinoco/stb-152/,圏外,9
2026-02-01,二つ折り財布 レディース,https://item.rakuten.co.jp/kinoco/st-w1660/,圏外,圏外
2026-02-01,トートバッグ メンズ,https://item.rakuten.co.jp/kinoco/cs-23/,圏外,26
2026-02-01,ビジネスバッグ,https://item.rakuten.co.jp/kinoco/cs-23/,圏外,圏外
2026-02-01,サコッシュ メンズ,https://item.rakuten.co.jp/kinoco/cs-26/,圏外,14
2026-02-01,トートバッグ メンズ 本革,https://item.rakuten.co.jp/kinoco/cs-29/,圏外,14
2026-02-01,長財布 レディース 本革,https://item.rakuten.co.jp/kinoco/st-831w/,4,18
2026-02-01,二つ折り財布,https://item.rakuten.co.jp/kinoco/st-819/,圏外,12
2026-02-01,二つ折り財布メンズ,https://item.rakuten.co.jp/kinoco/st-819/,圏外,19
2026-02-01,トートバッグ メンズ,https://item.rakuten.co.jp/kinoco/st-820/,3,27
2026-02-01,トートバッグ メンズ 小さめ,https://item.rakuten.co.jp/kinoco/cs-25/,1,圏外
2026-02-01,長財布 メンズ,https://item.rakuten.co.jp/kinoco/wallet-04/,圏外,1
2026-02-01,財布 メンズ 二つ折り 本革,https://item.rakuten.co.jp/kinoco/cs-05/,5,圏外
2026-02-01,二つ折り財布 メンズ,https://item.rakuten.co.jp/kinoco/wallet-09/,圏外,4
2026-02-01,長財布 レディース,https://item.rakuten.co.jp/kinoco/st-w1675/,圏外,圏外
2026-02-01,長財布 レディース 大容量,https://item.rakuten.co.jp/kinoco/st-w1675/,圏外,圏外
2026-02-01,長財布 レディース 本革,https://item.rakuten.co.jp/kinoco/st-w1675/,1,圏外
2026-02-01,財布 レディース 二つ折,https://item.rakuten.co.jp/kinoco/st-w1090/,4,圏外
2026-02-01,財布 レディース 二つ折り かわいい,https://item.rakuten.co.jp/kinoco/st-w1090/,5,圏外
2026-02-01,ミニトートバッグ レディース,https://item.rakuten.co.jp/kinoco/82190s/,圏外,圏外
2026-02-01,ミニトート,https://item.rakuten.co.jp/kinoco/82190s/,3,圏外
2026-02-01,リュック メンズ 大容量,https://item.rakuten.co.jp/kinoco/cs-22/,圏外,圏外
